{
    "all": {
        "detection": {
            "truepos": 189.0,
            "falseneg": 310.0,
            "recall": 0.3787575150300601,
            "falsepos": 2693.0,
            "precision": 0.0655794587092297,
            "f1score": 0.11180124223602483
        },
        "correction": {
            "truepos": 148.0,
            "falseneg": 351.0,
            "recall": 0.2965931863727455,
            "falsepos": 2693.0,
            "precision": 0.052094332981344596,
            "f1score": 0.08862275449101797
        }
    },
    "archaic": {
        "detection": {
            "truepos": 1.0,
            "falseneg": 4.0,
            "recall": 0.2
        },
        "correction": {
            "truepos": 1.0,
            "falseneg": 4.0,
            "recall": 0.2
        }
    },
    "capitalizationerror": {
        "detection": {
            "truepos": 117.0,
            "falseneg": 48.0,
            "recall": 0.7090909090909091
        },
        "correction": {
            "truepos": 105.0,
            "falseneg": 60.0,
            "recall": 0.6363636363636364
        }
    },
    "confusion": {
        "detection": {
            "truepos": 7.0,
            "falseneg": 33.0,
            "recall": 0.175
        },
        "correction": {
            "truepos": 3.0,
            "falseneg": 37.0,
            "recall": 0.075
        }
    },
    "missingpunctuation": {
        "detection": {
            "truepos": 6.0,
            "falseneg": 12.0,
            "recall": 0.3333333333333333
        },
        "correction": {
            "truepos": 3.0,
            "falseneg": 15.0,
            "recall": 0.16666666666666666
        }
    },
    "missingword": {
        "detection": {
            "truepos": 0.0,
            "falseneg": 21.0,
            "recall": 0.0
        },
        "correction": {
            "truepos": 0.0,
            "falseneg": 21.0,
            "recall": 0.0
        }
    },
    "nonworderror": {
        "detection": {
            "truepos": 39.0,
            "falseneg": 23.0,
            "recall": 0.6290322580645161
        },
        "correction": {
            "truepos": 24.0,
            "falseneg": 38.0,
            "recall": 0.3870967741935484
        }
    },
    "redundantpunctuation": {
        "detection": {
            "truepos": 13.0,
            "falseneg": 40.0,
            "recall": 0.24528301886792453
        },
        "correction": {
            "truepos": 8.0,
            "falseneg": 45.0,
            "recall": 0.1509433962264151
        }
    },
    "redundantword": {
        "detection": {
            "truepos": 0.0,
            "falseneg": 2.0,
            "recall": 0.0
        },
        "correction": {
            "truepos": 0.0,
            "falseneg": 2.0,
            "recall": 0.0
        }
    },
    "runonerror": {
        "detection": {
            "truepos": 5.0,
            "falseneg": 5.0,
            "recall": 0.5
        },
        "correction": {
            "truepos": 3.0,
            "falseneg": 7.0,
            "recall": 0.3
        }
    },
    "spliterror": {
        "detection": {
            "truepos": 1.0,
            "falseneg": 122.0,
            "recall": 0.008130081300813009
        },
        "correction": {
            "truepos": 1.0,
            "falseneg": 122.0,
            "recall": 0.008130081300813009
        }
    }
}
