{
    "all": {
        "detection": {
            "truepos": 203.0,
            "falseneg": 296.0,
            "recall": 0.40681362725450904,
            "falsepos": 2559.0,
            "precision": 0.07349746560463433,
            "f1score": 0.1245016865992027
        },
        "correction": {
            "truepos": 180.0,
            "falseneg": 319.0,
            "recall": 0.36072144288577157,
            "falsepos": 2559.0,
            "precision": 0.06571741511500548,
            "f1score": 0.11117974058060531
        }
    },
    "archaic": {
        "detection": {
            "truepos": 1.0,
            "falseneg": 4.0,
            "recall": 0.2
        },
        "correction": {
            "truepos": 1.0,
            "falseneg": 4.0,
            "recall": 0.2
        }
    },
    "capitalizationerror": {
        "detection": {
            "truepos": 58.0,
            "falseneg": 107.0,
            "recall": 0.3515151515151515
        },
        "correction": {
            "truepos": 56.0,
            "falseneg": 109.0,
            "recall": 0.3393939393939394
        }
    },
    "confusion": {
        "detection": {
            "truepos": 9.0,
            "falseneg": 31.0,
            "recall": 0.225
        },
        "correction": {
            "truepos": 5.0,
            "falseneg": 35.0,
            "recall": 0.125
        }
    },
    "missingpunctuation": {
        "detection": {
            "truepos": 5.0,
            "falseneg": 13.0,
            "recall": 0.2777777777777778
        },
        "correction": {
            "truepos": 2.0,
            "falseneg": 16.0,
            "recall": 0.1111111111111111
        }
    },
    "missingword": {
        "detection": {
            "truepos": 1.0,
            "falseneg": 20.0,
            "recall": 0.047619047619047616
        },
        "correction": {
            "truepos": 1.0,
            "falseneg": 20.0,
            "recall": 0.047619047619047616
        }
    },
    "nonworderror": {
        "detection": {
            "truepos": 35.0,
            "falseneg": 27.0,
            "recall": 0.5645161290322581
        },
        "correction": {
            "truepos": 32.0,
            "falseneg": 30.0,
            "recall": 0.5161290322580645
        }
    },
    "redundantpunctuation": {
        "detection": {
            "truepos": 20.0,
            "falseneg": 33.0,
            "recall": 0.37735849056603776
        },
        "correction": {
            "truepos": 14.0,
            "falseneg": 39.0,
            "recall": 0.2641509433962264
        }
    },
    "redundantword": {
        "detection": {
            "truepos": 0.0,
            "falseneg": 2.0,
            "recall": 0.0
        },
        "correction": {
            "truepos": 0.0,
            "falseneg": 2.0,
            "recall": 0.0
        }
    },
    "runonerror": {
        "detection": {
            "truepos": 6.0,
            "falseneg": 4.0,
            "recall": 0.6
        },
        "correction": {
            "truepos": 6.0,
            "falseneg": 4.0,
            "recall": 0.6
        }
    },
    "spliterror": {
        "detection": {
            "truepos": 68.0,
            "falseneg": 55.0,
            "recall": 0.5528455284552846
        },
        "correction": {
            "truepos": 63.0,
            "falseneg": 60.0,
            "recall": 0.5121951219512195
        }
    }
}
