{
    "all": {
        "detection": {
            "truepos": 1.0,
            "falseneg": 3.0,
            "recall": 0.25,
            "falsepos": 73.0,
            "precision": 0.013513513513513514,
            "f1score": 0.025641025641025644
        },
        "correction": {
            "truepos": 1.0,
            "falseneg": 3.0,
            "recall": 0.25,
            "falsepos": 73.0,
            "precision": 0.013513513513513514,
            "f1score": 0.025641025641025644
        }
    },
    "capitalizationerror": {
        "detection": {
            "truepos": 1.0,
            "falseneg": 3.0,
            "recall": 0.25
        },
        "correction": {
            "truepos": 1.0,
            "falseneg": 3.0,
            "recall": 0.25
        }
    }
}
