{
    "all": {
        "detection": {
            "truepos": 2.0,
            "falseneg": 5.0,
            "recall": 0.2857142857142857,
            "falsepos": 109.0,
            "precision": 0.018018018018018018,
            "f1score": 0.03389830508474576
        },
        "correction": {
            "correct": 1.0,
            "incorrect": 1.0,
            "accuracy": 0.5
        },
        "both": {
            "recall": 0.14285714285714285,
            "precision": 0.009009009009009009,
            "f1score": 0.01694915254237288
        }
    },
    "capitalizationerror": {
        "detection": {
            "truepos": 1.0,
            "falseneg": 0.0,
            "recall": 1.0
        },
        "correction": {
            "correct": 1.0,
            "incorrect": 0.0,
            "accuracy": 1.0
        },
        "both": {
            "recall": 1.0
        }
    },
    "redundantpunctuation": {
        "detection": {
            "truepos": 1.0,
            "falseneg": 5.0,
            "recall": 0.16666666666666666
        },
        "correction": {
            "correct": 0.0,
            "incorrect": 1.0,
            "accuracy": 0.0
        },
        "both": {
            "recall": 0.0
        }
    }
}
