{
    "all": {
        "detection": {
            "truepos": 1.0,
            "falseneg": 0.0,
            "recall": 1.0,
            "falsepos": 16.0,
            "precision": 0.058823529411764705,
            "f1score": 0.1111111111111111
        },
        "correction": {
            "truepos": 1.0,
            "falseneg": 0.0,
            "recall": 1.0,
            "falsepos": 16.0,
            "precision": 0.058823529411764705,
            "f1score": 0.1111111111111111
        }
    },
    "runonerror": {
        "detection": {
            "truepos": 1.0,
            "falseneg": 0.0,
            "recall": 1.0
        },
        "correction": {
            "truepos": 1.0,
            "falseneg": 0.0,
            "recall": 1.0
        }
    }
}
