{
    "all": {
        "detection": {
            "truepos": 1.0,
            "falseneg": 0.0,
            "recall": 1.0,
            "falsepos": 11.0,
            "precision": 0.08333333333333333,
            "f1score": 0.15384615384615385
        },
        "correction": {
            "truepos": 1.0,
            "falseneg": 0.0,
            "recall": 1.0,
            "falsepos": 11.0,
            "precision": 0.08333333333333333,
            "f1score": 0.15384615384615385
        }
    },
    "confusion": {
        "detection": {
            "truepos": 1.0,
            "falseneg": 0.0,
            "recall": 1.0
        },
        "correction": {
            "truepos": 1.0,
            "falseneg": 0.0,
            "recall": 1.0
        }
    }
}
