{
    "all": {
        "detection": {
            "truepos": 2.0,
            "falseneg": 5.0,
            "recall": 0.2857142857142857,
            "falsepos": 109.0,
            "precision": 0.018018018018018018,
            "f1score": 0.03389830508474576
        },
        "correction": {
            "truepos": 1.0,
            "falseneg": 6.0,
            "recall": 0.14285714285714285,
            "falsepos": 109.0,
            "precision": 0.00909090909090909,
            "f1score": 0.017094017094017092
        }
    },
    "capitalizationerror": {
        "detection": {
            "truepos": 1.0,
            "falseneg": 0.0,
            "recall": 1.0
        },
        "correction": {
            "truepos": 1.0,
            "falseneg": 0.0,
            "recall": 1.0
        }
    },
    "redundantpunctuation": {
        "detection": {
            "truepos": 1.0,
            "falseneg": 5.0,
            "recall": 0.16666666666666666
        },
        "correction": {
            "truepos": 0.0,
            "falseneg": 6.0,
            "recall": 0.0
        }
    }
}
