{
    "all": {
        "detection": {
            "truepos": 1.0,
            "falseneg": 5.0,
            "recall": 0.16666666666666666,
            "falsepos": 38.0,
            "precision": 0.02564102564102564,
            "f1score": 0.044444444444444446
        },
        "correction": {
            "truepos": 1.0,
            "falseneg": 5.0,
            "recall": 0.16666666666666666,
            "falsepos": 38.0,
            "precision": 0.02564102564102564,
            "f1score": 0.044444444444444446
        }
    },
    "capitalizationerror": {
        "detection": {
            "truepos": 1.0,
            "falseneg": 4.0,
            "recall": 0.2
        },
        "correction": {
            "truepos": 1.0,
            "falseneg": 4.0,
            "recall": 0.2
        }
    },
    "nonworderror": {
        "detection": {
            "truepos": 0.0,
            "falseneg": 1.0,
            "recall": 0.0
        },
        "correction": {
            "truepos": 0.0,
            "falseneg": 1.0,
            "recall": 0.0
        }
    }
}
