{
    "all": {
        "detection": {
            "truepos": 3.0,
            "falseneg": 4.0,
            "recall": 0.42857142857142855,
            "falsepos": 127.0,
            "precision": 0.023076923076923078,
            "f1score": 0.043795620437956206
        },
        "correction": {
            "correct": 1.0,
            "incorrect": 2.0,
            "accuracy": 0.3333333333333333
        },
        "both": {
            "recall": 0.14285714285714285,
            "precision": 0.007692307692307693,
            "f1score": 0.014598540145985403
        }
    },
    "capitalizationerror": {
        "detection": {
            "truepos": 0.0,
            "falseneg": 1.0,
            "recall": 0.0
        },
        "correction": {
            "correct": 0.0,
            "incorrect": 0.0,
            "accuracy": 0.0
        },
        "both": {
            "recall": 0.0
        }
    },
    "redundantpunctuation": {
        "detection": {
            "truepos": 3.0,
            "falseneg": 3.0,
            "recall": 0.5
        },
        "correction": {
            "correct": 1.0,
            "incorrect": 2.0,
            "accuracy": 0.3333333333333333
        },
        "both": {
            "recall": 0.16666666666666666
        }
    }
}
