{
    "all": {
        "detection": {
            "truepos": 3.0,
            "falseneg": 4.0,
            "recall": 0.42857142857142855,
            "falsepos": 127.0,
            "precision": 0.023076923076923078,
            "f1score": 0.043795620437956206
        },
        "correction": {
            "truepos": 1.0,
            "falseneg": 6.0,
            "recall": 0.14285714285714285,
            "falsepos": 127.0,
            "precision": 0.0078125,
            "f1score": 0.014814814814814815
        }
    },
    "capitalizationerror": {
        "detection": {
            "truepos": 0.0,
            "falseneg": 1.0,
            "recall": 0.0
        },
        "correction": {
            "truepos": 0.0,
            "falseneg": 1.0,
            "recall": 0.0
        }
    },
    "redundantpunctuation": {
        "detection": {
            "truepos": 3.0,
            "falseneg": 3.0,
            "recall": 0.5
        },
        "correction": {
            "truepos": 1.0,
            "falseneg": 5.0,
            "recall": 0.16666666666666666
        }
    }
}
