{
    "all": {
        "detection": {
            "truepos": 8.0,
            "falseneg": 3.0,
            "recall": 0.7272727272727273,
            "falsepos": 88.0,
            "precision": 0.08333333333333333,
            "f1score": 0.14953271028037382
        },
        "correction": {
            "truepos": 8.0,
            "falseneg": 3.0,
            "recall": 0.7272727272727273,
            "falsepos": 88.0,
            "precision": 0.08333333333333333,
            "f1score": 0.14953271028037382
        }
    },
    "capitalizationerror": {
        "detection": {
            "truepos": 1.0,
            "falseneg": 1.0,
            "recall": 0.5
        },
        "correction": {
            "truepos": 1.0,
            "falseneg": 1.0,
            "recall": 0.5
        }
    },
    "nonworderror": {
        "detection": {
            "truepos": 2.0,
            "falseneg": 0.0,
            "recall": 1.0
        },
        "correction": {
            "truepos": 2.0,
            "falseneg": 0.0,
            "recall": 1.0
        }
    },
    "spliterror": {
        "detection": {
            "truepos": 5.0,
            "falseneg": 2.0,
            "recall": 0.7142857142857143
        },
        "correction": {
            "truepos": 5.0,
            "falseneg": 2.0,
            "recall": 0.7142857142857143
        }
    }
}
