{
    "all": {
        "detection": {
            "truepos": 2.0,
            "falseneg": 2.0,
            "recall": 0.5,
            "falsepos": 81.0,
            "precision": 0.024096385542168676,
            "f1score": 0.04597701149425288
        },
        "correction": {
            "truepos": 2.0,
            "falseneg": 2.0,
            "recall": 0.5,
            "falsepos": 81.0,
            "precision": 0.024096385542168676,
            "f1score": 0.04597701149425288
        }
    },
    "capitalizationerror": {
        "detection": {
            "truepos": 2.0,
            "falseneg": 2.0,
            "recall": 0.5
        },
        "correction": {
            "truepos": 2.0,
            "falseneg": 2.0,
            "recall": 0.5
        }
    }
}
