{
    "all": {
        "detection": {
            "truepos": 3.0,
            "falseneg": 4.0,
            "recall": 0.42857142857142855,
            "falsepos": 123.0,
            "precision": 0.023809523809523808,
            "f1score": 0.04511278195488722
        },
        "correction": {
            "truepos": 1.0,
            "falseneg": 6.0,
            "recall": 0.14285714285714285,
            "falsepos": 123.0,
            "precision": 0.008064516129032258,
            "f1score": 0.015267175572519085
        }
    },
    "capitalizationerror": {
        "detection": {
            "truepos": 0.0,
            "falseneg": 1.0,
            "recall": 0.0
        },
        "correction": {
            "truepos": 0.0,
            "falseneg": 1.0,
            "recall": 0.0
        }
    },
    "redundantpunctuation": {
        "detection": {
            "truepos": 3.0,
            "falseneg": 3.0,
            "recall": 0.5
        },
        "correction": {
            "truepos": 1.0,
            "falseneg": 5.0,
            "recall": 0.16666666666666666
        }
    }
}
